State,State Code,County,County Code,ICD Chapter,ICD Chapter Code,ICD Sub-Chapter,ICD Sub-Chapter Code,Deaths,Births,Death Rate
Alabama,1,"Jefferson County, AL",1073,Certain conditions originating in the perinatal period,P00-P96,"Newborn affected by maternal factors and by complications of pregnancy, labour and delivery",P00-P04,10,8706,1.15 (Unreliable)
Alabama,1,"Jefferson County, AL",1073,Certain conditions originating in the perinatal period,P00-P96,Disorders related to length of gestation and fetal growth,P05-P08,17,8706,1.95 (Unreliable)
Alabama,1,"Jefferson County, AL",1073,Certain conditions originating in the perinatal period,P00-P96,Respiratory and cardiovascular disorders specific to the perinatal period,P20-P29,11,8706,1.26 (Unreliable)
Alabama,1,"Mobile County, AL",1097,Certain conditions originating in the perinatal period,P00-P96,Disorders related to length of gestation and fetal growth,P05-P08,10,5607,1.78 (Unreliable)
Alabama,1,"Mobile County, AL",1097,"Symptoms, signs and abnormal clinical and laboratory findings, not elsewhere classified",R00-R99,Ill-defined and unknown causes of mortality,R95-R99,12,5607,2.14 (Unreliable)
Alabama,1,"Unidentified Counties, AL",1999,Certain conditions originating in the perinatal period,P00-P96,"Newborn affected by maternal factors and by complications of pregnancy, labour and delivery",P00-P04,18,40375,0.45 (Unreliable)
Alabama,1,"Unidentified Counties, AL",1999,Certain conditions originating in the perinatal period,P00-P96,Disorders related to length of gestation and fetal growth,P05-P08,33,40375,0.82
Alabama,1,"Unidentified Counties, AL",1999,Certain conditions originating in the perinatal period,P00-P96,Respiratory and cardiovascular disorders specific to the perinatal period,P20-P29,32,40375,0.79
Alabama,1,"Unidentified Counties, AL",1999,"Congenital malformations, deformations and chromosomal abnormalities",Q00-Q99,Congenital malformations of the nervous system,Q00-Q07,13,40375,0.32 (Unreliable)
Alabama,1,"Unidentified Counties, AL",1999,"Congenital malformations, deformations and chromosomal abnormalities",Q00-Q99,Congenital malformations of the circulatory system,Q20-Q28,13,40375,0.32 (Unreliable)
Alabama,1,"Unidentified Counties, AL",1999,"Congenital malformations, deformations and chromosomal abnormalities",Q00-Q99,"Chromosomal abnormalities, not elsewhere classified",Q90-Q99,11,40375,0.27 (Unreliable)
Alabama,1,"Unidentified Counties, AL",1999,"Symptoms, signs and abnormal clinical and laboratory findings, not elsewhere classified",R00-R99,Ill-defined and unknown causes of mortality,R95-R99,80,40375,1.98
Arizona,4,"Maricopa County, AZ",4013,Certain conditions originating in the perinatal period,P00-P96,"Newborn affected by maternal factors and by complications of pregnancy, labour and delivery",P00-P04,35,52633,0.66
Arizona,4,"Maricopa County, AZ",4013,Certain conditions originating in the perinatal period,P00-P96,Disorders related to length of gestation and fetal growth,P05-P08,51,52633,0.97
Arizona,4,"Maricopa County, AZ",4013,Certain conditions originating in the perinatal period,P00-P96,Respiratory and cardiovascular disorders specific to the perinatal period,P20-P29,38,52633,0.72
Arizona,4,"Maricopa County, AZ",4013,Certain conditions originating in the perinatal period,P00-P96,Infections specific to the perinatal period,P35-P39,14,52633,0.27 (Unreliable)
Arizona,4,"Maricopa County, AZ",4013,"Congenital malformations, deformations and chromosomal abnormalities",Q00-Q99,Congenital malformations of the nervous system,Q00-Q07,16,52633,0.30 (Unreliable)
Arizona,4,"Maricopa County, AZ",4013,"Congenital malformations, deformations and chromosomal abnormalities",Q00-Q99,Congenital malformations of the circulatory system,Q20-Q28,10,52633,0.19 (Unreliable)
Arizona,4,"Maricopa County, AZ",4013,"Symptoms, signs and abnormal clinical and laboratory findings, not elsewhere classified",R00-R99,Ill-defined and unknown causes of mortality,R95-R99,39,52633,0.74
Arizona,4,"Unidentified Counties, AZ",4999,Certain conditions originating in the perinatal period,P00-P96,Disorders related to length of gestation and fetal growth,P05-P08,11,13864,0.79 (Unreliable)
Arizona,4,"Unidentified Counties, AZ",4999,External causes of morbidity and mortality,V01-Y89,Other external causes of accidental injury,W00-X59,10,13864,0.72 (Unreliable)
Arkansas,5,"Pulaski County, AR",5119,"Symptoms, signs and abnormal clinical and laboratory findings, not elsewhere classified",R00-R99,Ill-defined and unknown causes of mortality,R95-R99,10,5259,1.90 (Unreliable)
Arkansas,5,"Unidentified Counties, AR",5999,Certain conditions originating in the perinatal period,P00-P96,"Newborn affected by maternal factors and by complications of pregnancy, labour and delivery",P00-P04,21,32261,0.65
Arkansas,5,"Unidentified Counties, AR",5999,Certain conditions originating in the perinatal period,P00-P96,Disorders related to length of gestation and fetal growth,P05-P08,36,32261,1.12
Arkansas,5,"Unidentified Counties, AR",5999,Certain conditions originating in the perinatal period,P00-P96,Respiratory and cardiovascular disorders specific to the perinatal period,P20-P29,23,32261,0.71
Arkansas,5,"Unidentified Counties, AR",5999,"Congenital malformations, deformations and chromosomal abnormalities",Q00-Q99,Congenital malformations of the nervous system,Q00-Q07,13,32261,0.40 (Unreliable)
Arkansas,5,"Unidentified Counties, AR",5999,"Congenital malformations, deformations and chromosomal abnormalities",Q00-Q99,Congenital malformations of the circulatory system,Q20-Q28,11,32261,0.34 (Unreliable)
Arkansas,5,"Unidentified Counties, AR",5999,"Congenital malformations, deformations and chromosomal abnormalities",Q00-Q99,"Chromosomal abnormalities, not elsewhere classified",Q90-Q99,10,32261,0.31 (Unreliable)
Arkansas,5,"Unidentified Counties, AR",5999,"Symptoms, signs and abnormal clinical and laboratory findings, not elsewhere classified",R00-R99,Ill-defined and unknown causes of mortality,R95-R99,24,32261,0.74
Arkansas,5,"Unidentified Counties, AR",5999,External causes of morbidity and mortality,V01-Y89,Other external causes of accidental injury,W00-X59,20,32261,0.62
Arkansas,5,"Unidentified Counties, AR",5999,External causes of morbidity and mortality,V01-Y89,Assault,X85-Y09,10,32261,0.31 (Unreliable)
California,6,"Alameda County, CA",6001,Certain conditions originating in the perinatal period,P00-P96,"Newborn affected by maternal factors and by complications of pregnancy, labour and delivery",P00-P04,10,18888,0.53 (Unreliable)
California,6,"Alameda County, CA",6001,Certain conditions originating in the perinatal period,P00-P96,Respiratory and cardiovascular disorders specific to the perinatal period,P20-P29,14,18888,0.74 (Unreliable)
California,6,"Contra Costa County, CA",6013,Certain conditions originating in the perinatal period,P00-P96,"Newborn affected by maternal factors and by complications of pregnancy, labour and delivery",P00-P04,10,12180,0.82 (Unreliable)
California,6,"Fresno County, CA",6019,Certain conditions originating in the perinatal period,P00-P96,"Newborn affected by maternal factors and by complications of pregnancy, labour and delivery",P00-P04,18,14541,1.24 (Unreliable)
California,6,"Fresno County, CA",6019,Certain conditions originating in the perinatal period,P00-P96,Respiratory and cardiovascular disorders specific to the perinatal period,P20-P29,10,14541,0.69 (Unreliable)
California,6,"Fresno County, CA",6019,"Symptoms, signs and abnormal clinical and laboratory findings, not elsewhere classified",R00-R99,Ill-defined and unknown causes of mortality,R95-R99,16,14541,1.10 (Unreliable)
California,6,"Kern County, CA",6029,"Symptoms, signs and abnormal clinical and laboratory findings, not elsewhere classified",R00-R99,Ill-defined and unknown causes of mortality,R95-R99,14,13326,1.05 (Unreliable)
California,6,"Los Angeles County, CA",6037,Certain conditions originating in the perinatal period,P00-P96,"Newborn affected by maternal factors and by complications of pregnancy, labour and delivery",P00-P04,42,116950,0.36
California,6,"Los Angeles County, CA",6037,Certain conditions originating in the perinatal period,P00-P96,Disorders related to length of gestation and fetal growth,P05-P08,77,116950,0.66
California,6,"Los Angeles County, CA",6037,Certain conditions originating in the perinatal period,P00-P96,Respiratory and cardiovascular disorders specific to the perinatal period,P20-P29,67,116950,0.57
California,6,"Los Angeles County, CA",6037,Certain conditions originating in the perinatal period,P00-P96,Infections specific to the perinatal period,P35-P39,19,116950,0.16 (Unreliable)
California,6,"Los Angeles County, CA",6037,Certain conditions originating in the perinatal period,P00-P96,Haemorrhagic and haematological disorders of newborn,P50-P61,21,116950,0.18
California,6,"Los Angeles County, CA",6037,"Congenital malformations, deformations and chromosomal abnormalities",Q00-Q99,Congenital malformations of the nervous system,Q00-Q07,12,116950,0.10 (Unreliable)
California,6,"Los Angeles County, CA",6037,"Congenital malformations, deformations and chromosomal abnormalities",Q00-Q99,Congenital malformations of the circulatory system,Q20-Q28,35,116950,0.3
California,6,"Los Angeles County, CA",6037,"Congenital malformations, deformations and chromosomal abnormalities",Q00-Q99,Other congenital malformations,Q80-Q89,12,116950,0.10 (Unreliable)
California,6,"Los Angeles County, CA",6037,"Congenital malformations, deformations and chromosomal abnormalities",Q00-Q99,"Chromosomal abnormalities, not elsewhere classified",Q90-Q99,26,116950,0.22
California,6,"Los Angeles County, CA",6037,"Symptoms, signs and abnormal clinical and laboratory findings, not elsewhere classified",R00-R99,Ill-defined and unknown causes of mortality,R95-R99,42,116950,0.36
California,6,"Los Angeles County, CA",6037,External causes of morbidity and mortality,V01-Y89,Other external causes of accidental injury,W00-X59,16,116950,0.14 (Unreliable)
California,6,"Orange County, CA",6059,Certain conditions originating in the perinatal period,P00-P96,"Newborn affected by maternal factors and by complications of pregnancy, labour and delivery",P00-P04,27,37369,0.72
California,6,"Orange County, CA",6059,Certain conditions originating in the perinatal period,P00-P96,Disorders related to length of gestation and fetal growth,P05-P08,10,37369,0.27 (Unreliable)
California,6,"Orange County, CA",6059,Certain conditions originating in the perinatal period,P00-P96,Respiratory and cardiovascular disorders specific to the perinatal period,P20-P29,11,37369,0.29 (Unreliable)
California,6,"Riverside County, CA",6065,Certain conditions originating in the perinatal period,P00-P96,"Newborn affected by maternal factors and by complications of pregnancy, labour and delivery",P00-P04,23,29857,0.77
California,6,"Riverside County, CA",6065,Certain conditions originating in the perinatal period,P00-P96,Disorders related to length of gestation and fetal growth,P05-P08,21,29857,0.7
California,6,"Riverside County, CA",6065,Certain conditions originating in the perinatal period,P00-P96,Respiratory and cardiovascular disorders specific to the perinatal period,P20-P29,20,29857,0.67
California,6,"Riverside County, CA",6065,"Symptoms, signs and abnormal clinical and laboratory findings, not elsewhere classified",R00-R99,Ill-defined and unknown causes of mortality,R95-R99,14,29857,0.47 (Unreliable)
California,6,"Sacramento County, CA",6067,Certain conditions originating in the perinatal period,P00-P96,"Newborn affected by maternal factors and by complications of pregnancy, labour and delivery",P00-P04,14,19202,0.73 (Unreliable)
California,6,"Sacramento County, CA",6067,"Symptoms, signs and abnormal clinical and laboratory findings, not elsewhere classified",R00-R99,Ill-defined and unknown causes of mortality,R95-R99,19,19202,0.99 (Unreliable)
California,6,"San Bernardino County, CA",6071,Certain conditions originating in the perinatal period,P00-P96,"Newborn affected by maternal factors and by complications of pregnancy, labour and delivery",P00-P04,32,29643,1.08
California,6,"San Bernardino County, CA",6071,Certain conditions originating in the perinatal period,P00-P96,Disorders related to length of gestation and fetal growth,P05-P08,18,29643,0.61 (Unreliable)
California,6,"San Bernardino County, CA",6071,Certain conditions originating in the perinatal period,P00-P96,Respiratory and cardiovascular disorders specific to the perinatal period,P20-P29,27,29643,0.91
California,6,"San Bernardino County, CA",6071,"Symptoms, signs and abnormal clinical and laboratory findings, not elsewhere classified",R00-R99,Ill-defined and unknown causes of mortality,R95-R99,26,29643,0.88
California,6,"San Diego County, CA",6073,Certain conditions originating in the perinatal period,P00-P96,"Newborn affected by maternal factors and by complications of pregnancy, labour and delivery",P00-P04,40,41230,0.97
California,6,"San Diego County, CA",6073,Certain conditions originating in the perinatal period,P00-P96,Disorders related to length of gestation and fetal growth,P05-P08,13,41230,0.32 (Unreliable)
California,6,"San Diego County, CA",6073,Certain conditions originating in the perinatal period,P00-P96,Respiratory and cardiovascular disorders specific to the perinatal period,P20-P29,19,41230,0.46 (Unreliable)
California,6,"San Diego County, CA",6073,"Congenital malformations, deformations and chromosomal abnormalities",Q00-Q99,Congenital malformations of the nervous system,Q00-Q07,10,41230,0.24 (Unreliable)
California,6,"San Diego County, CA",6073,"Symptoms, signs and abnormal clinical and laboratory findings, not elsewhere classified",R00-R99,Ill-defined and unknown causes of mortality,R95-R99,11,41230,0.27 (Unreliable)
California,6,"San Joaquin County, CA",6077,Certain conditions originating in the perinatal period,P00-P96,"Newborn affected by maternal factors and by complications of pregnancy, labour and delivery",P00-P04,10,9928,1.01 (Unreliable)
California,6,"Tulare County, CA",6107,Certain conditions originating in the perinatal period,P00-P96,Respiratory and cardiovascular disorders specific to the perinatal period,P20-P29,11,7130,1.54 (Unreliable)
California,6,"Unidentified Counties, CA",6999,Certain conditions originating in the perinatal period,P00-P96,"Newborn affected by maternal factors and by complications of pregnancy, labour and delivery",P00-P04,20,28540,0.7
California,6,"Unidentified Counties, CA",6999,Certain conditions originating in the perinatal period,P00-P96,Respiratory and cardiovascular disorders specific to the perinatal period,P20-P29,12,28540,0.42 (Unreliable)
California,6,"Unidentified Counties, CA",6999,"Congenital malformations, deformations and chromosomal abnormalities",Q00-Q99,Congenital malformations of the circulatory system,Q20-Q28,10,28540,0.35 (Unreliable)
California,6,"Unidentified Counties, CA",6999,"Symptoms, signs and abnormal clinical and laboratory findings, not elsewhere classified",R00-R99,Ill-defined and unknown causes of mortality,R95-R99,13,28540,0.46 (Unreliable)
Colorado,8,"El Paso County, CO",8041,Certain conditions originating in the perinatal period,P00-P96,Disorders related to length of gestation and fetal growth,P05-P08,17,9493,1.79 (Unreliable)
Connecticut,9,"Hartford County, CT",9003,Certain conditions originating in the perinatal period,P00-P96,"Newborn affected by maternal factors and by complications of pregnancy, labour and delivery",P00-P04,14,9204,1.52 (Unreliable)
Delaware,10,"New Castle County, DE",10003,Certain conditions originating in the perinatal period,P00-P96,Disorders related to length of gestation and fetal growth,P05-P08,13,6431,2.02 (Unreliable)
District of Columbia,11,"District of Columbia, DC",11001,Certain conditions originating in the perinatal period,P00-P96,"Newborn affected by maternal factors and by complications of pregnancy, labour and delivery",P00-P04,17,9560,1.78 (Unreliable)
District of Columbia,11,"District of Columbia, DC",11001,"Symptoms, signs and abnormal clinical and laboratory findings, not elsewhere classified",R00-R99,Ill-defined and unknown causes of mortality,R95-R99,12,9560,1.26 (Unreliable)
Florida,12,"Broward County, FL",12011,Certain conditions originating in the perinatal period,P00-P96,Disorders related to length of gestation and fetal growth,P05-P08,16,22322,0.72 (Unreliable)
Florida,12,"Broward County, FL",12011,Certain conditions originating in the perinatal period,P00-P96,Respiratory and cardiovascular disorders specific to the perinatal period,P20-P29,15,22322,0.67 (Unreliable)
Florida,12,"Broward County, FL",12011,"Symptoms, signs and abnormal clinical and laboratory findings, not elsewhere classified",R00-R99,Ill-defined and unknown causes of mortality,R95-R99,15,22322,0.67 (Unreliable)
Florida,12,"Duval County, FL",12031,Certain conditions originating in the perinatal period,P00-P96,"Newborn affected by maternal factors and by complications of pregnancy, labour and delivery",P00-P04,23,13182,1.74
Florida,12,"Duval County, FL",12031,Certain conditions originating in the perinatal period,P00-P96,Disorders related to length of gestation and fetal growth,P05-P08,15,13182,1.14 (Unreliable)
Florida,12,"Duval County, FL",12031,"Symptoms, signs and abnormal clinical and laboratory findings, not elsewhere classified",R00-R99,Ill-defined and unknown causes of mortality,R95-R99,17,13182,1.29 (Unreliable)
Florida,12,"Hillsborough County, FL",12057,Certain conditions originating in the perinatal period,P00-P96,"Newborn affected by maternal factors and by complications of pregnancy, labour and delivery",P00-P04,18,17416,1.03 (Unreliable)
Florida,12,"Hillsborough County, FL",12057,Certain conditions originating in the perinatal period,P00-P96,Disorders related to length of gestation and fetal growth,P05-P08,21,17416,1.21
Florida,12,"Hillsborough County, FL",12057,Certain conditions originating in the perinatal period,P00-P96,Respiratory and cardiovascular disorders specific to the perinatal period,P20-P29,11,17416,0.63 (Unreliable)
Florida,12,"Hillsborough County, FL",12057,External causes of morbidity and mortality,V01-Y89,Other external causes of accidental injury,W00-X59,17,17416,0.98 (Unreliable)
Florida,12,"Marion County, FL",12083,External causes of morbidity and mortality,V01-Y89,Other external causes of accidental injury,W00-X59,10,3496,2.86 (Unreliable)
Florida,12,"Miami-Dade County, FL",12086,Certain conditions originating in the perinatal period,P00-P96,"Newborn affected by maternal factors and by complications of pregnancy, labour and delivery",P00-P04,18,31818,0.57 (Unreliable)
Florida,12,"Miami-Dade County, FL",12086,Certain conditions originating in the perinatal period,P00-P96,Disorders related to length of gestation and fetal growth,P05-P08,29,31818,0.91
Florida,12,"Miami-Dade County, FL",12086,Certain conditions originating in the perinatal period,P00-P96,Respiratory and cardiovascular disorders specific to the perinatal period,P20-P29,22,31818,0.69
Florida,12,"Miami-Dade County, FL",12086,"Congenital malformations, deformations and chromosomal abnormalities",Q00-Q99,Congenital malformations of the circulatory system,Q20-Q28,11,31818,0.35 (Unreliable)
Florida,12,"Miami-Dade County, FL",12086,External causes of morbidity and mortality,V01-Y89,Other external causes of accidental injury,W00-X59,11,31818,0.35 (Unreliable)
Florida,12,"Orange County, FL",12095,Certain conditions originating in the perinatal period,P00-P96,"Newborn affected by maternal factors and by complications of pregnancy, labour and delivery",P00-P04,14,16890,0.83 (Unreliable)
Florida,12,"Orange County, FL",12095,Certain conditions originating in the perinatal period,P00-P96,Disorders related to length of gestation and fetal growth,P05-P08,29,16890,1.72
Florida,12,"Orange County, FL",12095,Certain conditions originating in the perinatal period,P00-P96,Respiratory and cardiovascular disorders specific to the perinatal period,P20-P29,12,16890,0.71 (Unreliable)
Florida,12,"Palm Beach County, FL",12099,Certain conditions originating in the perinatal period,P00-P96,Respiratory and cardiovascular disorders specific to the perinatal period,P20-P29,12,15050,0.80 (Unreliable)
Florida,12,"Pinellas County, FL",12103,Certain conditions originating in the perinatal period,P00-P96,"Newborn affected by maternal factors and by complications of pregnancy, labour and delivery",P00-P04,11,8230,1.34 (Unreliable)
Florida,12,"Pinellas County, FL",12103,External causes of morbidity and mortality,V01-Y89,Other external causes of accidental injury,W00-X59,11,8230,1.34 (Unreliable)
Florida,12,"Polk County, FL",12105,External causes of morbidity and mortality,V01-Y89,Other external causes of accidental injury,W00-X59,12,7849,1.53 (Unreliable)
Florida,12,"Unidentified Counties, FL",12999,Certain conditions originating in the perinatal period,P00-P96,"Newborn affected by maternal factors and by complications of pregnancy, labour and delivery",P00-P04,20,33357,0.6
Florida,12,"Unidentified Counties, FL",12999,Certain conditions originating in the perinatal period,P00-P96,Disorders related to length of gestation and fetal growth,P05-P08,35,33357,1.05
Florida,12,"Unidentified Counties, FL",12999,Certain conditions originating in the perinatal period,P00-P96,Respiratory and cardiovascular disorders specific to the perinatal period,P20-P29,24,33357,0.72
Florida,12,"Unidentified Counties, FL",12999,Certain conditions originating in the perinatal period,P00-P96,Infections specific to the perinatal period,P35-P39,11,33357,0.33 (Unreliable)
Florida,12,"Unidentified Counties, FL",12999,"Congenital malformations, deformations and chromosomal abnormalities",Q00-Q99,"Chromosomal abnormalities, not elsewhere classified",Q90-Q99,11,33357,0.33 (Unreliable)
Florida,12,"Unidentified Counties, FL",12999,"Symptoms, signs and abnormal clinical and laboratory findings, not elsewhere classified",R00-R99,Ill-defined and unknown causes of mortality,R95-R99,26,33357,0.78
Florida,12,"Unidentified Counties, FL",12999,External causes of morbidity and mortality,V01-Y89,Other external causes of accidental injury,W00-X59,24,33357,0.72
Georgia,13,"Chatham County, GA",13051,Certain conditions originating in the perinatal period,P00-P96,Disorders related to length of gestation and fetal growth,P05-P08,12,3712,3.23 (Unreliable)
Georgia,13,"Clayton County, GA",13063,Certain conditions originating in the perinatal period,P00-P96,Disorders related to length of gestation and fetal growth,P05-P08,12,3813,3.15 (Unreliable)
Georgia,13,"Cobb County, GA",13067,Certain conditions originating in the perinatal period,P00-P96,Disorders related to length of gestation and fetal growth,P05-P08,14,9588,1.46 (Unreliable)
Georgia,13,"Cobb County, GA",13067,Certain conditions originating in the perinatal period,P00-P96,Respiratory and cardiovascular disorders specific to the perinatal period,P20-P29,10,9588,1.04 (Unreliable)
Georgia,13,"DeKalb County, GA",13089,Certain conditions originating in the perinatal period,P00-P96,Disorders related to length of gestation and fetal growth,P05-P08,18,10933,1.65 (Unreliable)
Georgia,13,"DeKalb County, GA",13089,Certain conditions originating in the perinatal period,P00-P96,Respiratory and cardiovascular disorders specific to the perinatal period,P20-P29,10,10933,0.91 (Unreliable)
Georgia,13,"DeKalb County, GA",13089,"Symptoms, signs and abnormal clinical and laboratory findings, not elsewhere classified",R00-R99,Ill-defined and unknown causes of mortality,R95-R99,15,10933,1.37 (Unreliable)
Georgia,13,"Fulton County, GA",13121,Certain conditions originating in the perinatal period,P00-P96,Disorders related to length of gestation and fetal growth,P05-P08,13,13363,0.97 (Unreliable)
Georgia,13,"Fulton County, GA",13121,Certain conditions originating in the perinatal period,P00-P96,Respiratory and cardiovascular disorders specific to the perinatal period,P20-P29,12,13363,0.90 (Unreliable)
Georgia,13,"Gwinnett County, GA",13135,Certain conditions originating in the perinatal period,P00-P96,Disorders related to length of gestation and fetal growth,P05-P08,13,11442,1.14 (Unreliable)
Georgia,13,"Unidentified Counties, GA",13999,Certain conditions originating in the perinatal period,P00-P96,"Newborn affected by maternal factors and by complications of pregnancy, labour and delivery",P00-P04,34,76392,0.45
Georgia,13,"Unidentified Counties, GA",13999,Certain conditions originating in the perinatal period,P00-P96,Disorders related to length of gestation and fetal growth,P05-P08,120,76392,1.57
Georgia,13,"Unidentified Counties, GA",13999,Certain conditions originating in the perinatal period,P00-P96,Respiratory and cardiovascular disorders specific to the perinatal period,P20-P29,59,76392,0.77
Georgia,13,"Unidentified Counties, GA",13999,Certain conditions originating in the perinatal period,P00-P96,Infections specific to the perinatal period,P35-P39,19,76392,0.25 (Unreliable)
Georgia,13,"Unidentified Counties, GA",13999,Certain conditions originating in the perinatal period,P00-P96,Haemorrhagic and haematological disorders of newborn,P50-P61,16,76392,0.21 (Unreliable)
Georgia,13,"Unidentified Counties, GA",13999,Certain conditions originating in the perinatal period,P00-P96,Other disorders originating in the perinatal period,P90-P96,10,76392,0.13 (Unreliable)
Georgia,13,"Unidentified Counties, GA",13999,"Congenital malformations, deformations and chromosomal abnormalities",Q00-Q99,Congenital malformations of the nervous system,Q00-Q07,13,76392,0.17 (Unreliable)
Georgia,13,"Unidentified Counties, GA",13999,"Congenital malformations, deformations and chromosomal abnormalities",Q00-Q99,Congenital malformations of the circulatory system,Q20-Q28,29,76392,0.38
Georgia,13,"Unidentified Counties, GA",13999,"Congenital malformations, deformations and chromosomal abnormalities",Q00-Q99,Congenital malformations and deformations of the musculoskeletal system,Q65-Q79,15,76392,0.20 (Unreliable)
Georgia,13,"Unidentified Counties, GA",13999,"Congenital malformations, deformations and chromosomal abnormalities",Q00-Q99,Other congenital malformations,Q80-Q89,10,76392,0.13 (Unreliable)
Georgia,13,"Unidentified Counties, GA",13999,"Congenital malformations, deformations and chromosomal abnormalities",Q00-Q99,"Chromosomal abnormalities, not elsewhere classified",Q90-Q99,18,76392,0.24 (Unreliable)
Georgia,13,"Unidentified Counties, GA",13999,"Symptoms, signs and abnormal clinical and laboratory findings, not elsewhere classified",R00-R99,Ill-defined and unknown causes of mortality,R95-R99,88,76392,1.15
Georgia,13,"Unidentified Counties, GA",13999,External causes of morbidity and mortality,V01-Y89,Other external causes of accidental injury,W00-X59,26,76392,0.34
Georgia,13,"Unidentified Counties, GA",13999,External causes of morbidity and mortality,V01-Y89,Assault,X85-Y09,14,76392,0.18 (Unreliable)
Hawaii,15,"Honolulu County, HI",15003,Certain conditions originating in the perinatal period,P00-P96,"Newborn affected by maternal factors and by complications of pregnancy, labour and delivery",P00-P04,11,12487,0.88 (Unreliable)
Hawaii,15,"Honolulu County, HI",15003,Certain conditions originating in the perinatal period,P00-P96,Disorders related to length of gestation and fetal growth,P05-P08,12,12487,0.96 (Unreliable)
Idaho,16,"Unidentified Counties, ID",16999,Certain conditions originating in the perinatal period,P00-P96,"Newborn affected by maternal factors and by complications of pregnancy, labour and delivery",P00-P04,17,17339,0.98 (Unreliable)
Idaho,16,"Unidentified Counties, ID",16999,"Symptoms, signs and abnormal clinical and laboratory findings, not elsewhere classified",R00-R99,Ill-defined and unknown causes of mortality,R95-R99,11,17339,0.63 (Unreliable)
Illinois,17,"Cook County, IL",17031,Certain conditions originating in the perinatal period,P00-P96,"Newborn affected by maternal factors and by complications of pregnancy, labour and delivery",P00-P04,35,64374,0.54
Illinois,17,"Cook County, IL",17031,Certain conditions originating in the perinatal period,P00-P96,Disorders related to length of gestation and fetal growth,P05-P08,127,64374,1.97
Illinois,17,"Cook County, IL",17031,Certain conditions originating in the perinatal period,P00-P96,Respiratory and cardiovascular disorders specific to the perinatal period,P20-P29,24,64374,0.37
Illinois,17,"Cook County, IL",17031,Certain conditions originating in the perinatal period,P00-P96,Infections specific to the perinatal period,P35-P39,12,64374,0.19 (Unreliable)
Illinois,17,"Cook County, IL",17031,"Congenital malformations, deformations and chromosomal abnormalities",Q00-Q99,Congenital malformations of the circulatory system,Q20-Q28,16,64374,0.25 (Unreliable)
Illinois,17,"Cook County, IL",17031,"Congenital malformations, deformations and chromosomal abnormalities",Q00-Q99,"Chromosomal abnormalities, not elsewhere classified",Q90-Q99,15,64374,0.23 (Unreliable)
Illinois,17,"Cook County, IL",17031,"Symptoms, signs and abnormal clinical and laboratory findings, not elsewhere classified",R00-R99,Ill-defined and unknown causes of mortality,R95-R99,53,64374,0.82
Illinois,17,"Cook County, IL",17031,External causes of morbidity and mortality,V01-Y89,Other external causes of accidental injury,W00-X59,14,64374,0.22 (Unreliable)
Illinois,17,"Lake County, IL",17097,Certain conditions originating in the perinatal period,P00-P96,Disorders related to length of gestation and fetal growth,P05-P08,11,7607,1.45 (Unreliable)
Illinois,17,"St. Clair County, IL",17163,Certain conditions originating in the perinatal period,P00-P96,Disorders related to length of gestation and fetal growth,P05-P08,13,3221,4.04 (Unreliable)
Illinois,17,"Will County, IL",17197,Certain conditions originating in the perinatal period,P00-P96,Disorders related to length of gestation and fetal growth,P05-P08,12,7427,1.62 (Unreliable)
Illinois,17,"Unidentified Counties, IL",17999,Certain conditions originating in the perinatal period,P00-P96,"Newborn affected by maternal factors and by complications of pregnancy, labour and delivery",P00-P04,37,40507,0.91
Illinois,17,"Unidentified Counties, IL",17999,Certain conditions originating in the perinatal period,P00-P96,Disorders related to length of gestation and fetal growth,P05-P08,56,40507,1.38
Illinois,17,"Unidentified Counties, IL",17999,Certain conditions originating in the perinatal period,P00-P96,Respiratory and cardiovascular disorders specific to the perinatal period,P20-P29,21,40507,0.52
Illinois,17,"Unidentified Counties, IL",17999,"Congenital malformations, deformations and chromosomal abnormalities",Q00-Q99,Congenital malformations of the nervous system,Q00-Q07,14,40507,0.35 (Unreliable)
Illinois,17,"Unidentified Counties, IL",17999,"Congenital malformations, deformations and chromosomal abnormalities",Q00-Q99,Congenital malformations of the circulatory system,Q20-Q28,11,40507,0.27 (Unreliable)
Illinois,17,"Unidentified Counties, IL",17999,"Congenital malformations, deformations and chromosomal abnormalities",Q00-Q99,"Chromosomal abnormalities, not elsewhere classified",Q90-Q99,10,40507,0.25 (Unreliable)
Illinois,17,"Unidentified Counties, IL",17999,"Symptoms, signs and abnormal clinical and laboratory findings, not elsewhere classified",R00-R99,Ill-defined and unknown causes of mortality,R95-R99,18,40507,0.44 (Unreliable)
Illinois,17,"Unidentified Counties, IL",17999,External causes of morbidity and mortality,V01-Y89,Other external causes of accidental injury,W00-X59,28,40507,0.69
Indiana,18,"Allen County, IN",18003,Certain conditions originating in the perinatal period,P00-P96,Disorders related to length of gestation and fetal growth,P05-P08,11,5206,2.11 (Unreliable)
Indiana,18,"Lake County, IN",18089,Certain conditions originating in the perinatal period,P00-P96,Disorders related to length of gestation and fetal growth,P05-P08,18,5601,3.21 (Unreliable)
Indiana,18,"Marion County, IN",18097,Certain conditions originating in the perinatal period,P00-P96,Disorders related to length of gestation and fetal growth,P05-P08,25,14389,1.74
Indiana,18,"Marion County, IN",18097,Certain conditions originating in the perinatal period,P00-P96,Respiratory and cardiovascular disorders specific to the perinatal period,P20-P29,13,14389,0.90 (Unreliable)
Indiana,18,"Marion County, IN",18097,External causes of morbidity and mortality,V01-Y89,Other external causes of accidental injury,W00-X59,13,14389,0.90 (Unreliable)
Indiana,18,"Unidentified Counties, IN",18999,Certain conditions originating in the perinatal period,P00-P96,"Newborn affected by maternal factors and by complications of pregnancy, labour and delivery",P00-P04,28,49642,0.56
Indiana,18,"Unidentified Counties, IN",18999,Certain conditions originating in the perinatal period,P00-P96,Disorders related to length of gestation and fetal growth,P05-P08,53,49642,1.07
Indiana,18,"Unidentified Counties, IN",18999,Certain conditions originating in the perinatal period,P00-P96,Respiratory and cardiovascular disorders specific to the perinatal period,P20-P29,35,49642,0.71
Indiana,18,"Unidentified Counties, IN",18999,Certain conditions originating in the perinatal period,P00-P96,Other disorders originating in the perinatal period,P90-P96,14,49642,0.28 (Unreliable)
Indiana,18,"Unidentified Counties, IN",18999,"Congenital malformations, deformations and chromosomal abnormalities",Q00-Q99,Congenital malformations of the nervous system,Q00-Q07,14,49642,0.28 (Unreliable)
Indiana,18,"Unidentified Counties, IN",18999,"Congenital malformations, deformations and chromosomal abnormalities",Q00-Q99,Congenital malformations of the circulatory system,Q20-Q28,22,49642,0.44
Indiana,18,"Unidentified Counties, IN",18999,"Symptoms, signs and abnormal clinical and laboratory findings, not elsewhere classified",R00-R99,Ill-defined and unknown causes of mortality,R95-R99,37,49642,0.75
Indiana,18,"Unidentified Counties, IN",18999,External causes of morbidity and mortality,V01-Y89,Other external causes of accidental injury,W00-X59,23,49642,0.46
Iowa,19,"Unidentified Counties, IA",19999,Certain conditions originating in the perinatal period,P00-P96,"Newborn affected by maternal factors and by complications of pregnancy, labour and delivery",P00-P04,11,31487,0.35 (Unreliable)
Iowa,19,"Unidentified Counties, IA",19999,Certain conditions originating in the perinatal period,P00-P96,Disorders related to length of gestation and fetal growth,P05-P08,12,31487,0.38 (Unreliable)
Iowa,19,"Unidentified Counties, IA",19999,Certain conditions originating in the perinatal period,P00-P96,Respiratory and cardiovascular disorders specific to the perinatal period,P20-P29,24,31487,0.76
Iowa,19,"Unidentified Counties, IA",19999,"Congenital malformations, deformations and chromosomal abnormalities",Q00-Q99,Congenital malformations of the circulatory system,Q20-Q28,18,31487,0.57 (Unreliable)
Iowa,19,"Unidentified Counties, IA",19999,"Congenital malformations, deformations and chromosomal abnormalities",Q00-Q99,"Chromosomal abnormalities, not elsewhere classified",Q90-Q99,10,31487,0.32 (Unreliable)
Iowa,19,"Unidentified Counties, IA",19999,"Symptoms, signs and abnormal clinical and laboratory findings, not elsewhere classified",R00-R99,Ill-defined and unknown causes of mortality,R95-R99,26,31487,0.83
Iowa,19,"Unidentified Counties, IA",19999,External causes of morbidity and mortality,V01-Y89,Other external causes of accidental injury,W00-X59,10,31487,0.32 (Unreliable)
Kansas,20,"Sedgwick County, KS",20173,Certain conditions originating in the perinatal period,P00-P96,Disorders related to length of gestation and fetal growth,P05-P08,12,6924,1.73 (Unreliable)
Kansas,20,"Unidentified Counties, KS",20999,Certain conditions originating in the perinatal period,P00-P96,"Newborn affected by maternal factors and by complications of pregnancy, labour and delivery",P00-P04,18,22372,0.80 (Unreliable)
Kansas,20,"Unidentified Counties, KS",20999,Certain conditions originating in the perinatal period,P00-P96,Disorders related to length of gestation and fetal growth,P05-P08,21,22372,0.94
Kansas,20,"Unidentified Counties, KS",20999,Certain conditions originating in the perinatal period,P00-P96,Respiratory and cardiovascular disorders specific to the perinatal period,P20-P29,16,22372,0.72 (Unreliable)
Kansas,20,"Unidentified Counties, KS",20999,"Congenital malformations, deformations and chromosomal abnormalities",Q00-Q99,Congenital malformations of the circulatory system,Q20-Q28,11,22372,0.49 (Unreliable)
Kansas,20,"Unidentified Counties, KS",20999,"Congenital malformations, deformations and chromosomal abnormalities",Q00-Q99,"Chromosomal abnormalities, not elsewhere classified",Q90-Q99,10,22372,0.45 (Unreliable)
Kansas,20,"Unidentified Counties, KS",20999,"Symptoms, signs and abnormal clinical and laboratory findings, not elsewhere classified",R00-R99,Ill-defined and unknown causes of mortality,R95-R99,18,22372,0.80 (Unreliable)
Kansas,20,"Unidentified Counties, KS",20999,External causes of morbidity and mortality,V01-Y89,Other external causes of accidental injury,W00-X59,11,22372,0.49 (Unreliable)
Kentucky,21,"Jefferson County, KY",21111,Certain conditions originating in the perinatal period,P00-P96,Disorders related to length of gestation and fetal growth,P05-P08,14,9908,1.41 (Unreliable)
Kentucky,21,"Jefferson County, KY",21111,"Symptoms, signs and abnormal clinical and laboratory findings, not elsewhere classified",R00-R99,Ill-defined and unknown causes of mortality,R95-R99,10,9908,1.01 (Unreliable)
Kentucky,21,"Unidentified Counties, KY",21999,Certain conditions originating in the perinatal period,P00-P96,"Newborn affected by maternal factors and by complications of pregnancy, labour and delivery",P00-P04,23,40932,0.56
Kentucky,21,"Unidentified Counties, KY",21999,Certain conditions originating in the perinatal period,P00-P96,Disorders related to length of gestation and fetal growth,P05-P08,35,40932,0.86
Kentucky,21,"Unidentified Counties, KY",21999,Certain conditions originating in the perinatal period,P00-P96,Respiratory and cardiovascular disorders specific to the perinatal period,P20-P29,24,40932,0.59
Kentucky,21,"Unidentified Counties, KY",21999,"Congenital malformations, deformations and chromosomal abnormalities",Q00-Q99,Congenital malformations of the nervous system,Q00-Q07,11,40932,0.27 (Unreliable)
Kentucky,21,"Unidentified Counties, KY",21999,"Congenital malformations, deformations and chromosomal abnormalities",Q00-Q99,Congenital malformations of the circulatory system,Q20-Q28,19,40932,0.46 (Unreliable)
Kentucky,21,"Unidentified Counties, KY",21999,"Congenital malformations, deformations and chromosomal abnormalities",Q00-Q99,Congenital malformations of the urinary system,Q60-Q64,10,40932,0.24 (Unreliable)
Kentucky,21,"Unidentified Counties, KY",21999,"Congenital malformations, deformations and chromosomal abnormalities",Q00-Q99,Other congenital malformations,Q80-Q89,10,40932,0.24 (Unreliable)
Kentucky,21,"Unidentified Counties, KY",21999,"Congenital malformations, deformations and chromosomal abnormalities",Q00-Q99,"Chromosomal abnormalities, not elsewhere classified",Q90-Q99,14,40932,0.34 (Unreliable)
Kentucky,21,"Unidentified Counties, KY",21999,"Symptoms, signs and abnormal clinical and laboratory findings, not elsewhere classified",R00-R99,Ill-defined and unknown causes of mortality,R95-R99,48,40932,1.17
Kentucky,21,"Unidentified Counties, KY",21999,External causes of morbidity and mortality,V01-Y89,Other external causes of accidental injury,W00-X59,16,40932,0.39 (Unreliable)
Louisiana,22,"Caddo Parish, LA",22017,Certain conditions originating in the perinatal period,P00-P96,Disorders related to length of gestation and fetal growth,P05-P08,14,3231,4.33 (Unreliable)
Louisiana,22,"East Baton Rouge Parish, LA",22033,Certain conditions originating in the perinatal period,P00-P96,Disorders related to length of gestation and fetal growth,P05-P08,16,5975,2.68 (Unreliable)
Louisiana,22,"Unidentified Counties, LA",22999,Certain conditions originating in the perinatal period,P00-P96,"Newborn affected by maternal factors and by complications of pregnancy, labour and delivery",P00-P04,12,41358,0.29 (Unreliable)
Louisiana,22,"Unidentified Counties, LA",22999,Certain conditions originating in the perinatal period,P00-P96,Disorders related to length of gestation and fetal growth,P05-P08,53,41358,1.28
Louisiana,22,"Unidentified Counties, LA",22999,Certain conditions originating in the perinatal period,P00-P96,Respiratory and cardiovascular disorders specific to the perinatal period,P20-P29,22,41358,0.53
Louisiana,22,"Unidentified Counties, LA",22999,"Congenital malformations, deformations and chromosomal abnormalities",Q00-Q99,Congenital malformations of the nervous system,Q00-Q07,10,41358,0.24 (Unreliable)
Louisiana,22,"Unidentified Counties, LA",22999,"Congenital malformations, deformations and chromosomal abnormalities",Q00-Q99,Congenital malformations of the circulatory system,Q20-Q28,14,41358,0.34 (Unreliable)
Louisiana,22,"Unidentified Counties, LA",22999,"Symptoms, signs and abnormal clinical and laboratory findings, not elsewhere classified",R00-R99,Ill-defined and unknown causes of mortality,R95-R99,28,41358,0.68
Louisiana,22,"Unidentified Counties, LA",22999,External causes of morbidity and mortality,V01-Y89,Other external causes of accidental injury,W00-X59,55,41358,1.33
Maine,23,"Unidentified Counties, ME",23999,Certain conditions originating in the perinatal period,P00-P96,"Newborn affected by maternal factors and by complications of pregnancy, labour and delivery",P00-P04,12,9565,1.25 (Unreliable)
Maryland,24,"Baltimore County, MD",24005,Certain conditions originating in the perinatal period,P00-P96,"Newborn affected by maternal factors and by complications of pregnancy, labour and delivery",P00-P04,12,9844,1.22 (Unreliable)
Maryland,24,"Baltimore County, MD",24005,Certain conditions originating in the perinatal period,P00-P96,Disorders related to length of gestation and fetal growth,P05-P08,23,9844,2.34
Maryland,24,"Baltimore County, MD",24005,"Symptoms, signs and abnormal clinical and laboratory findings, not elsewhere classified",R00-R99,Ill-defined and unknown causes of mortality,R95-R99,13,9844,1.32 (Unreliable)
Maryland,24,"Prince George's County, MD",24033,Certain conditions originating in the perinatal period,P00-P96,"Newborn affected by maternal factors and by complications of pregnancy, labour and delivery",P00-P04,19,12393,1.53 (Unreliable)
Maryland,24,"Prince George's County, MD",24033,Certain conditions originating in the perinatal period,P00-P96,Disorders related to length of gestation and fetal growth,P05-P08,26,12393,2.1
Maryland,24,"Baltimore city, MD",24510,Certain conditions originating in the perinatal period,P00-P96,Disorders related to length of gestation and fetal growth,P05-P08,16,7941,2.01 (Unreliable)
Maryland,24,"Baltimore city, MD",24510,"Symptoms, signs and abnormal clinical and laboratory findings, not elsewhere classified",R00-R99,Ill-defined and unknown causes of mortality,R95-R99,14,7941,1.76 (Unreliable)
Maryland,24,"Unidentified Counties, MD",24999,Certain conditions originating in the perinatal period,P00-P96,"Newborn affected by maternal factors and by complications of pregnancy, labour and delivery",P00-P04,14,18356,0.76 (Unreliable)
Maryland,24,"Unidentified Counties, MD",24999,Certain conditions originating in the perinatal period,P00-P96,Disorders related to length of gestation and fetal growth,P05-P08,20,18356,1.09
Maryland,24,"Unidentified Counties, MD",24999,Certain conditions originating in the perinatal period,P00-P96,Respiratory and cardiovascular disorders specific to the perinatal period,P20-P29,14,18356,0.76 (Unreliable)
Maryland,24,"Unidentified Counties, MD",24999,"Symptoms, signs and abnormal clinical and laboratory findings, not elsewhere classified",R00-R99,Ill-defined and unknown causes of mortality,R95-R99,19,18356,1.04 (Unreliable)
Massachusetts,25,"Suffolk County, MA",25025,Certain conditions originating in the perinatal period,P00-P96,Disorders related to length of gestation and fetal growth,P05-P08,11,9359,1.18 (Unreliable)
Michigan,26,"Kalamazoo County, MI",26077,Certain conditions originating in the perinatal period,P00-P96,Disorders related to length of gestation and fetal growth,P05-P08,15,3033,4.95 (Unreliable)
Michigan,26,"Macomb County, MI",26099,Certain conditions originating in the perinatal period,P00-P96,"Newborn affected by maternal factors and by complications of pregnancy, labour and delivery",P00-P04,11,9240,1.19 (Unreliable)
Michigan,26,"Macomb County, MI",26099,Certain conditions originating in the perinatal period,P00-P96,Disorders related to length of gestation and fetal growth,P05-P08,20,9240,2.16
Michigan,26,"Oakland County, MI",26125,Certain conditions originating in the perinatal period,P00-P96,Disorders related to length of gestation and fetal growth,P05-P08,21,13235,1.59
Michigan,26,"Wayne County, MI",26163,Certain conditions originating in the perinatal period,P00-P96,"Newborn affected by maternal factors and by complications of pregnancy, labour and delivery",P00-P04,18,23279,0.77 (Unreliable)
Michigan,26,"Wayne County, MI",26163,Certain conditions originating in the perinatal period,P00-P96,Disorders related to length of gestation and fetal growth,P05-P08,79,23279,3.39
Michigan,26,"Wayne County, MI",26163,Certain conditions originating in the perinatal period,P00-P96,Respiratory and cardiovascular disorders specific to the perinatal period,P20-P29,20,23279,0.86
Michigan,26,"Wayne County, MI",26163,Certain conditions originating in the perinatal period,P00-P96,Infections specific to the perinatal period,P35-P39,12,23279,0.52 (Unreliable)
Michigan,26,"Wayne County, MI",26163,"Symptoms, signs and abnormal clinical and laboratory findings, not elsewhere classified",R00-R99,Ill-defined and unknown causes of mortality,R95-R99,12,23279,0.52 (Unreliable)
Michigan,26,"Wayne County, MI",26163,External causes of morbidity and mortality,V01-Y89,Other external causes of accidental injury,W00-X59,35,23279,1.5
Michigan,26,"Unidentified Counties, MI",26999,Certain conditions originating in the perinatal period,P00-P96,"Newborn affected by maternal factors and by complications of pregnancy, labour and delivery",P00-P04,22,39166,0.56
Michigan,26,"Unidentified Counties, MI",26999,Certain conditions originating in the perinatal period,P00-P96,Disorders related to length of gestation and fetal growth,P05-P08,45,39166,1.15
Michigan,26,"Unidentified Counties, MI",26999,Certain conditions originating in the perinatal period,P00-P96,Respiratory and cardiovascular disorders specific to the perinatal period,P20-P29,17,39166,0.43 (Unreliable)
Michigan,26,"Unidentified Counties, MI",26999,"Congenital malformations, deformations and chromosomal abnormalities",Q00-Q99,Congenital malformations of the circulatory system,Q20-Q28,14,39166,0.36 (Unreliable)
Michigan,26,"Unidentified Counties, MI",26999,"Symptoms, signs and abnormal clinical and laboratory findings, not elsewhere classified",R00-R99,Ill-defined and unknown causes of mortality,R95-R99,21,39166,0.54
Minnesota,27,"Hennepin County, MN",27053,Certain conditions originating in the perinatal period,P00-P96,Disorders related to length of gestation and fetal growth,P05-P08,14,16322,0.86 (Unreliable)
Minnesota,27,"Hennepin County, MN",27053,"Congenital malformations, deformations and chromosomal abnormalities",Q00-Q99,"Chromosomal abnormalities, not elsewhere classified",Q90-Q99,10,16322,0.61 (Unreliable)
Minnesota,27,"Unidentified Counties, MN",27999,Certain conditions originating in the perinatal period,P00-P96,"Newborn affected by maternal factors and by complications of pregnancy, labour and delivery",P00-P04,20,35225,0.57
Minnesota,27,"Unidentified Counties, MN",27999,Certain conditions originating in the perinatal period,P00-P96,Disorders related to length of gestation and fetal growth,P05-P08,33,35225,0.94
Minnesota,27,"Unidentified Counties, MN",27999,Certain conditions originating in the perinatal period,P00-P96,Respiratory and cardiovascular disorders specific to the perinatal period,P20-P29,13,35225,0.37 (Unreliable)
Minnesota,27,"Unidentified Counties, MN",27999,"Congenital malformations, deformations and chromosomal abnormalities",Q00-Q99,Congenital malformations of the circulatory system,Q20-Q28,15,35225,0.43 (Unreliable)
Minnesota,27,"Unidentified Counties, MN",27999,"Congenital malformations, deformations and chromosomal abnormalities",Q00-Q99,"Chromosomal abnormalities, not elsewhere classified",Q90-Q99,13,35225,0.37 (Unreliable)
Minnesota,27,"Unidentified Counties, MN",27999,"Symptoms, signs and abnormal clinical and laboratory findings, not elsewhere classified",R00-R99,Ill-defined and unknown causes of mortality,R95-R99,14,35225,0.40 (Unreliable)
Mississippi,28,"Unidentified Counties, MS",28999,Certain conditions originating in the perinatal period,P00-P96,"Newborn affected by maternal factors and by complications of pregnancy, labour and delivery",P00-P04,20,37357,0.54
Mississippi,28,"Unidentified Counties, MS",28999,Certain conditions originating in the perinatal period,P00-P96,Disorders related to length of gestation and fetal growth,P05-P08,67,37357,1.79
Mississippi,28,"Unidentified Counties, MS",28999,Certain conditions originating in the perinatal period,P00-P96,Respiratory and cardiovascular disorders specific to the perinatal period,P20-P29,35,37357,0.94
Mississippi,28,"Unidentified Counties, MS",28999,"Congenital malformations, deformations and chromosomal abnormalities",Q00-Q99,Congenital malformations of the circulatory system,Q20-Q28,12,37357,0.32 (Unreliable)
Mississippi,28,"Unidentified Counties, MS",28999,"Congenital malformations, deformations and chromosomal abnormalities",Q00-Q99,Congenital malformations and deformations of the musculoskeletal system,Q65-Q79,13,37357,0.35 (Unreliable)
Mississippi,28,"Unidentified Counties, MS",28999,"Congenital malformations, deformations and chromosomal abnormalities",Q00-Q99,Other congenital malformations,Q80-Q89,11,37357,0.29 (Unreliable)
Mississippi,28,"Unidentified Counties, MS",28999,"Congenital malformations, deformations and chromosomal abnormalities",Q00-Q99,"Chromosomal abnormalities, not elsewhere classified",Q90-Q99,13,37357,0.35 (Unreliable)
Mississippi,28,"Unidentified Counties, MS",28999,"Symptoms, signs and abnormal clinical and laboratory findings, not elsewhere classified",R00-R99,Ill-defined and unknown causes of mortality,R95-R99,63,37357,1.69
Missouri,29,"Jackson County, MO",29095,Certain conditions originating in the perinatal period,P00-P96,Disorders related to length of gestation and fetal growth,P05-P08,16,9291,1.72 (Unreliable)
Missouri,29,"St. Louis County, MO",29189,Certain conditions originating in the perinatal period,P00-P96,Disorders related to length of gestation and fetal growth,P05-P08,11,11374,0.97 (Unreliable)
Missouri,29,"St. Louis County, MO",29189,External causes of morbidity and mortality,V01-Y89,Other external causes of accidental injury,W00-X59,13,11374,1.14 (Unreliable)
Missouri,29,"Unidentified Counties, MO",29999,Certain conditions originating in the perinatal period,P00-P96,"Newborn affected by maternal factors and by complications of pregnancy, labour and delivery",P00-P04,18,40433,0.45 (Unreliable)
Missouri,29,"Unidentified Counties, MO",29999,Certain conditions originating in the perinatal period,P00-P96,Disorders related to length of gestation and fetal growth,P05-P08,37,40433,0.92
Missouri,29,"Unidentified Counties, MO",29999,Certain conditions originating in the perinatal period,P00-P96,Respiratory and cardiovascular disorders specific to the perinatal period,P20-P29,13,40433,0.32 (Unreliable)
Missouri,29,"Unidentified Counties, MO",29999,"Congenital malformations, deformations and chromosomal abnormalities",Q00-Q99,Congenital malformations of the circulatory system,Q20-Q28,18,40433,0.45 (Unreliable)
Missouri,29,"Unidentified Counties, MO",29999,"Symptoms, signs and abnormal clinical and laboratory findings, not elsewhere classified",R00-R99,Ill-defined and unknown causes of mortality,R95-R99,21,40433,0.52
Missouri,29,"Unidentified Counties, MO",29999,External causes of morbidity and mortality,V01-Y89,Other external causes of accidental injury,W00-X59,34,40433,0.84
Montana,30,"Unidentified Counties, MT",30999,"Symptoms, signs and abnormal clinical and laboratory findings, not elsewhere classified",R00-R99,Ill-defined and unknown causes of mortality,R95-R99,12,11799,1.02 (Unreliable)
Nebraska,31,"Douglas County, NE",31055,Certain conditions originating in the perinatal period,P00-P96,"Newborn affected by maternal factors and by complications of pregnancy, labour and delivery",P00-P04,10,8305,1.20 (Unreliable)
Nebraska,31,"Unidentified Counties, NE",31999,Certain conditions originating in the perinatal period,P00-P96,"Newborn affected by maternal factors and by complications of pregnancy, labour and delivery",P00-P04,10,13591,0.74 (Unreliable)
Nebraska,31,"Unidentified Counties, NE",31999,"Symptoms, signs and abnormal clinical and laboratory findings, not elsewhere classified",R00-R99,Ill-defined and unknown causes of mortality,R95-R99,10,13591,0.74 (Unreliable)
Nevada,32,"Clark County, NV",32003,Certain conditions originating in the perinatal period,P00-P96,"Newborn affected by maternal factors and by complications of pregnancy, labour and delivery",P00-P04,10,26949,0.37 (Unreliable)
Nevada,32,"Clark County, NV",32003,Certain conditions originating in the perinatal period,P00-P96,Disorders related to length of gestation and fetal growth,P05-P08,17,26949,0.63 (Unreliable)
Nevada,32,"Clark County, NV",32003,Certain conditions originating in the perinatal period,P00-P96,Respiratory and cardiovascular disorders specific to the perinatal period,P20-P29,13,26949,0.48 (Unreliable)
Nevada,32,"Clark County, NV",32003,"Congenital malformations, deformations and chromosomal abnormalities",Q00-Q99,Congenital malformations of the circulatory system,Q20-Q28,14,26949,0.52 (Unreliable)
Nevada,32,"Clark County, NV",32003,"Congenital malformations, deformations and chromosomal abnormalities",Q00-Q99,"Chromosomal abnormalities, not elsewhere classified",Q90-Q99,14,26949,0.52 (Unreliable)
Nevada,32,"Clark County, NV",32003,"Symptoms, signs and abnormal clinical and laboratory findings, not elsewhere classified",R00-R99,Ill-defined and unknown causes of mortality,R95-R99,13,26949,0.48 (Unreliable)
Nevada,32,"Clark County, NV",32003,External causes of morbidity and mortality,V01-Y89,Other external causes of accidental injury,W00-X59,13,26949,0.48 (Unreliable)
New Jersey,34,"Burlington County, NJ",34005,Certain conditions originating in the perinatal period,P00-P96,Disorders related to length of gestation and fetal growth,P05-P08,10,4424,2.26 (Unreliable)
New Jersey,34,"Camden County, NJ",34007,Certain conditions originating in the perinatal period,P00-P96,Disorders related to length of gestation and fetal growth,P05-P08,13,6022,2.16 (Unreliable)
New Jersey,34,"Essex County, NJ",34013,Certain conditions originating in the perinatal period,P00-P96,Respiratory and cardiovascular disorders specific to the perinatal period,P20-P29,12,10298,1.17 (Unreliable)
New Jersey,34,"Essex County, NJ",34013,"Symptoms, signs and abnormal clinical and laboratory findings, not elsewhere classified",R00-R99,Ill-defined and unknown causes of mortality,R95-R99,13,10298,1.26 (Unreliable)
New Jersey,34,"Unidentified Counties, NJ",34999,Certain conditions originating in the perinatal period,P00-P96,Disorders related to length of gestation and fetal growth,P05-P08,10,6416,1.56 (Unreliable)
New Mexico,35,"Unidentified Counties, NM",35999,Certain conditions originating in the perinatal period,P00-P96,"Newborn affected by maternal factors and by complications of pregnancy, labour and delivery",P00-P04,14,16331,0.86 (Unreliable)
New Mexico,35,"Unidentified Counties, NM",35999,Certain conditions originating in the perinatal period,P00-P96,Disorders related to length of gestation and fetal growth,P05-P08,12,16331,0.73 (Unreliable)
New Mexico,35,"Unidentified Counties, NM",35999,"Symptoms, signs and abnormal clinical and laboratory findings, not elsewhere classified",R00-R99,Ill-defined and unknown causes of mortality,R95-R99,21,16331,1.29
New York,36,"Bronx County, NY",36005,Certain conditions originating in the perinatal period,P00-P96,Disorders related to length of gestation and fetal growth,P05-P08,18,20588,0.87 (Unreliable)
New York,36,"Bronx County, NY",36005,Certain conditions originating in the perinatal period,P00-P96,Respiratory and cardiovascular disorders specific to the perinatal period,P20-P29,11,20588,0.53 (Unreliable)
New York,36,"Erie County, NY",36029,Certain conditions originating in the perinatal period,P00-P96,Disorders related to length of gestation and fetal growth,P05-P08,11,9870,1.11 (Unreliable)
New York,36,"Kings County, NY",36047,Certain conditions originating in the perinatal period,P00-P96,Disorders related to length of gestation and fetal growth,P05-P08,27,39192,0.69
New York,36,"Kings County, NY",36047,Certain conditions originating in the perinatal period,P00-P96,Respiratory and cardiovascular disorders specific to the perinatal period,P20-P29,24,39192,0.61
New York,36,"Kings County, NY",36047,"Congenital malformations, deformations and chromosomal abnormalities",Q00-Q99,Congenital malformations of the circulatory system,Q20-Q28,11,39192,0.28 (Unreliable)
New York,36,"Kings County, NY",36047,"Symptoms, signs and abnormal clinical and laboratory findings, not elsewhere classified",R00-R99,Ill-defined and unknown causes of mortality,R95-R99,14,39192,0.36 (Unreliable)
New York,36,"Monroe County, NY",36055,Certain conditions originating in the perinatal period,P00-P96,Disorders related to length of gestation and fetal growth,P05-P08,16,7893,2.03 (Unreliable)
New York,36,"Monroe County, NY",36055,"Symptoms, signs and abnormal clinical and laboratory findings, not elsewhere classified",R00-R99,Ill-defined and unknown causes of mortality,R95-R99,13,7893,1.65 (Unreliable)
New York,36,"New York County, NY",36061,Certain conditions originating in the perinatal period,P00-P96,Respiratory and cardiovascular disorders specific to the perinatal period,P20-P29,11,17504,0.63 (Unreliable)
New York,36,"Queens County, NY",36081,Certain conditions originating in the perinatal period,P00-P96,Disorders related to length of gestation and fetal growth,P05-P08,22,29008,0.76
New York,36,"Queens County, NY",36081,Certain conditions originating in the perinatal period,P00-P96,Respiratory and cardiovascular disorders specific to the perinatal period,P20-P29,41,29008,1.41
New York,36,"Richmond County, NY",36085,Certain conditions originating in the perinatal period,P00-P96,Respiratory and cardiovascular disorders specific to the perinatal period,P20-P29,11,5444,2.02 (Unreliable)
New York,36,"Suffolk County, NY",36103,Certain conditions originating in the perinatal period,P00-P96,Disorders related to length of gestation and fetal growth,P05-P08,13,15359,0.85 (Unreliable)
New York,36,"Suffolk County, NY",36103,Certain conditions originating in the perinatal period,P00-P96,Respiratory and cardiovascular disorders specific to the perinatal period,P20-P29,13,15359,0.85 (Unreliable)
New York,36,"Suffolk County, NY",36103,"Symptoms, signs and abnormal clinical and laboratory findings, not elsewhere classified",R00-R99,Ill-defined and unknown causes of mortality,R95-R99,11,15359,0.72 (Unreliable)
New York,36,"Westchester County, NY",36119,Certain conditions originating in the perinatal period,P00-P96,Respiratory and cardiovascular disorders specific to the perinatal period,P20-P29,10,10400,0.96 (Unreliable)
New York,36,"Unidentified Counties, NY",36999,Certain conditions originating in the perinatal period,P00-P96,"Newborn affected by maternal factors and by complications of pregnancy, labour and delivery",P00-P04,35,38989,0.9
New York,36,"Unidentified Counties, NY",36999,Certain conditions originating in the perinatal period,P00-P96,Disorders related to length of gestation and fetal growth,P05-P08,54,38989,1.39
New York,36,"Unidentified Counties, NY",36999,Certain conditions originating in the perinatal period,P00-P96,Respiratory and cardiovascular disorders specific to the perinatal period,P20-P29,19,38989,0.49 (Unreliable)
New York,36,"Unidentified Counties, NY",36999,"Congenital malformations, deformations and chromosomal abnormalities",Q00-Q99,Congenital malformations of the circulatory system,Q20-Q28,10,38989,0.26 (Unreliable)
New York,36,"Unidentified Counties, NY",36999,"Symptoms, signs and abnormal clinical and laboratory findings, not elsewhere classified",R00-R99,Ill-defined and unknown causes of mortality,R95-R99,28,38989,0.72
New York,36,"Unidentified Counties, NY",36999,External causes of morbidity and mortality,V01-Y89,Other external causes of accidental injury,W00-X59,10,38989,0.26 (Unreliable)
North Carolina,37,"Cumberland County, NC",37051,Certain conditions originating in the perinatal period,P00-P96,Disorders related to length of gestation and fetal growth,P05-P08,17,5506,3.09 (Unreliable)
North Carolina,37,"Guilford County, NC",37081,Certain conditions originating in the perinatal period,P00-P96,Disorders related to length of gestation and fetal growth,P05-P08,11,6218,1.77 (Unreliable)
North Carolina,37,"Mecklenburg County, NC",37119,Certain conditions originating in the perinatal period,P00-P96,Disorders related to length of gestation and fetal growth,P05-P08,16,14753,1.08 (Unreliable)
North Carolina,37,"Wake County, NC",37183,Certain conditions originating in the perinatal period,P00-P96,Disorders related to length of gestation and fetal growth,P05-P08,16,12682,1.26 (Unreliable)
North Carolina,37,"Wake County, NC",37183,Certain conditions originating in the perinatal period,P00-P96,Respiratory and cardiovascular disorders specific to the perinatal period,P20-P29,11,12682,0.87 (Unreliable)
North Carolina,37,"Unidentified Counties, NC",37999,Certain conditions originating in the perinatal period,P00-P96,"Newborn affected by maternal factors and by complications of pregnancy, labour and delivery",P00-P04,72,72417,0.99
North Carolina,37,"Unidentified Counties, NC",37999,Certain conditions originating in the perinatal period,P00-P96,Disorders related to length of gestation and fetal growth,P05-P08,90,72417,1.24
North Carolina,37,"Unidentified Counties, NC",37999,Certain conditions originating in the perinatal period,P00-P96,Respiratory and cardiovascular disorders specific to the perinatal period,P20-P29,56,72417,0.77
North Carolina,37,"Unidentified Counties, NC",37999,Certain conditions originating in the perinatal period,P00-P96,Infections specific to the perinatal period,P35-P39,18,72417,0.25 (Unreliable)
North Carolina,37,"Unidentified Counties, NC",37999,Certain conditions originating in the perinatal period,P00-P96,Digestive system disorders of newborn,P76-P78,12,72417,0.17 (Unreliable)
North Carolina,37,"Unidentified Counties, NC",37999,"Congenital malformations, deformations and chromosomal abnormalities",Q00-Q99,Congenital malformations of the circulatory system,Q20-Q28,24,72417,0.33
North Carolina,37,"Unidentified Counties, NC",37999,"Congenital malformations, deformations and chromosomal abnormalities",Q00-Q99,Congenital malformations and deformations of the musculoskeletal system,Q65-Q79,13,72417,0.18 (Unreliable)
North Carolina,37,"Unidentified Counties, NC",37999,"Congenital malformations, deformations and chromosomal abnormalities",Q00-Q99,"Chromosomal abnormalities, not elsewhere classified",Q90-Q99,22,72417,0.3
North Carolina,37,"Unidentified Counties, NC",37999,"Symptoms, signs and abnormal clinical and laboratory findings, not elsewhere classified",R00-R99,Ill-defined and unknown causes of mortality,R95-R99,88,72417,1.22
Ohio,39,"Cuyahoga County, OH",39035,Certain conditions originating in the perinatal period,P00-P96,"Newborn affected by maternal factors and by complications of pregnancy, labour and delivery",P00-P04,16,14550,1.10 (Unreliable)
Ohio,39,"Cuyahoga County, OH",39035,Certain conditions originating in the perinatal period,P00-P96,Disorders related to length of gestation and fetal growth,P05-P08,43,14550,2.96
Ohio,39,"Cuyahoga County, OH",39035,Certain conditions originating in the perinatal period,P00-P96,Respiratory and cardiovascular disorders specific to the perinatal period,P20-P29,12,14550,0.82 (Unreliable)
Ohio,39,"Cuyahoga County, OH",39035,"Symptoms, signs and abnormal clinical and laboratory findings, not elsewhere classified",R00-R99,Ill-defined and unknown causes of mortality,R95-R99,11,14550,0.76 (Unreliable)
Ohio,39,"Franklin County, OH",39049,Certain conditions originating in the perinatal period,P00-P96,"Newborn affected by maternal factors and by complications of pregnancy, labour and delivery",P00-P04,32,18886,1.69
Ohio,39,"Franklin County, OH",39049,Certain conditions originating in the perinatal period,P00-P96,Disorders related to length of gestation and fetal growth,P05-P08,37,18886,1.96
Ohio,39,"Franklin County, OH",39049,Certain conditions originating in the perinatal period,P00-P96,Respiratory and cardiovascular disorders specific to the perinatal period,P20-P29,16,18886,0.85 (Unreliable)
Ohio,39,"Franklin County, OH",39049,"Symptoms, signs and abnormal clinical and laboratory findings, not elsewhere classified",R00-R99,Ill-defined and unknown causes of mortality,R95-R99,12,18886,0.64 (Unreliable)
Ohio,39,"Hamilton County, OH",39061,Certain conditions originating in the perinatal period,P00-P96,"Newborn affected by maternal factors and by complications of pregnancy, labour and delivery",P00-P04,12,10833,1.11 (Unreliable)
Ohio,39,"Hamilton County, OH",39061,Certain conditions originating in the perinatal period,P00-P96,Disorders related to length of gestation and fetal growth,P05-P08,26,10833,2.4
Ohio,39,"Hamilton County, OH",39061,"Symptoms, signs and abnormal clinical and laboratory findings, not elsewhere classified",R00-R99,Ill-defined and unknown causes of mortality,R95-R99,12,10833,1.11 (Unreliable)
Ohio,39,"Unidentified Counties, OH",39999,Certain conditions originating in the perinatal period,P00-P96,"Newborn affected by maternal factors and by complications of pregnancy, labour and delivery",P00-P04,42,62810,0.67
Ohio,39,"Unidentified Counties, OH",39999,Certain conditions originating in the perinatal period,P00-P96,Disorders related to length of gestation and fetal growth,P05-P08,79,62810,1.26
Ohio,39,"Unidentified Counties, OH",39999,Certain conditions originating in the perinatal period,P00-P96,Respiratory and cardiovascular disorders specific to the perinatal period,P20-P29,36,62810,0.57
Ohio,39,"Unidentified Counties, OH",39999,Certain conditions originating in the perinatal period,P00-P96,Infections specific to the perinatal period,P35-P39,11,62810,0.18 (Unreliable)
Ohio,39,"Unidentified Counties, OH",39999,Certain conditions originating in the perinatal period,P00-P96,Digestive system disorders of newborn,P76-P78,11,62810,0.18 (Unreliable)
Ohio,39,"Unidentified Counties, OH",39999,"Congenital malformations, deformations and chromosomal abnormalities",Q00-Q99,Congenital malformations of the nervous system,Q00-Q07,12,62810,0.19 (Unreliable)
Ohio,39,"Unidentified Counties, OH",39999,"Congenital malformations, deformations and chromosomal abnormalities",Q00-Q99,Congenital malformations of the circulatory system,Q20-Q28,23,62810,0.37
Ohio,39,"Unidentified Counties, OH",39999,"Congenital malformations, deformations and chromosomal abnormalities",Q00-Q99,Congenital malformations of the urinary system,Q60-Q64,11,62810,0.18 (Unreliable)
Ohio,39,"Unidentified Counties, OH",39999,"Congenital malformations, deformations and chromosomal abnormalities",Q00-Q99,"Chromosomal abnormalities, not elsewhere classified",Q90-Q99,16,62810,0.25 (Unreliable)
Ohio,39,"Unidentified Counties, OH",39999,"Symptoms, signs and abnormal clinical and laboratory findings, not elsewhere classified",R00-R99,Ill-defined and unknown causes of mortality,R95-R99,31,62810,0.49
Ohio,39,"Unidentified Counties, OH",39999,External causes of morbidity and mortality,V01-Y89,Other external causes of accidental injury,W00-X59,27,62810,0.43
Oklahoma,40,"Oklahoma County, OK",40109,Certain conditions originating in the perinatal period,P00-P96,"Newborn affected by maternal factors and by complications of pregnancy, labour and delivery",P00-P04,21,11554,1.82
Oklahoma,40,"Oklahoma County, OK",40109,Certain conditions originating in the perinatal period,P00-P96,Disorders related to length of gestation and fetal growth,P05-P08,12,11554,1.04 (Unreliable)
Oklahoma,40,"Oklahoma County, OK",40109,"Symptoms, signs and abnormal clinical and laboratory findings, not elsewhere classified",R00-R99,Ill-defined and unknown causes of mortality,R95-R99,15,11554,1.30 (Unreliable)
Oklahoma,40,"Tulsa County, OK",40143,Certain conditions originating in the perinatal period,P00-P96,Disorders related to length of gestation and fetal growth,P05-P08,27,9120,2.96
Oklahoma,40,"Unidentified Counties, OK",40999,Certain conditions originating in the perinatal period,P00-P96,"Newborn affected by maternal factors and by complications of pregnancy, labour and delivery",P00-P04,25,26759,0.93
Oklahoma,40,"Unidentified Counties, OK",40999,Certain conditions originating in the perinatal period,P00-P96,Disorders related to length of gestation and fetal growth,P05-P08,42,26759,1.57
Oklahoma,40,"Unidentified Counties, OK",40999,Certain conditions originating in the perinatal period,P00-P96,Respiratory and cardiovascular disorders specific to the perinatal period,P20-P29,17,26759,0.64 (Unreliable)
Oklahoma,40,"Unidentified Counties, OK",40999,"Symptoms, signs and abnormal clinical and laboratory findings, not elsewhere classified",R00-R99,Ill-defined and unknown causes of mortality,R95-R99,31,26759,1.16
Oklahoma,40,"Unidentified Counties, OK",40999,External causes of morbidity and mortality,V01-Y89,Other external causes of accidental injury,W00-X59,17,26759,0.64 (Unreliable)
Oregon,41,"Washington County, OR",41067,Certain conditions originating in the perinatal period,P00-P96,Disorders related to length of gestation and fetal growth,P05-P08,10,6570,1.52 (Unreliable)
Oregon,41,"Unidentified Counties, OR",41999,Certain conditions originating in the perinatal period,P00-P96,Disorders related to length of gestation and fetal growth,P05-P08,13,16563,0.78 (Unreliable)
Oregon,41,"Unidentified Counties, OR",41999,"Symptoms, signs and abnormal clinical and laboratory findings, not elsewhere classified",R00-R99,Ill-defined and unknown causes of mortality,R95-R99,15,16563,0.91 (Unreliable)
Pennsylvania,42,"Allegheny County, PA",42003,Certain conditions originating in the perinatal period,P00-P96,"Newborn affected by maternal factors and by complications of pregnancy, labour and delivery",P00-P04,17,12882,1.32 (Unreliable)
Pennsylvania,42,"Allegheny County, PA",42003,Certain conditions originating in the perinatal period,P00-P96,Disorders related to length of gestation and fetal growth,P05-P08,17,12882,1.32 (Unreliable)
Pennsylvania,42,"Delaware County, PA",42045,Certain conditions originating in the perinatal period,P00-P96,Disorders related to length of gestation and fetal growth,P05-P08,12,6576,1.82 (Unreliable)
Pennsylvania,42,"Philadelphia County, PA",42101,Certain conditions originating in the perinatal period,P00-P96,"Newborn affected by maternal factors and by complications of pregnancy, labour and delivery",P00-P04,36,21288,1.69
Pennsylvania,42,"Philadelphia County, PA",42101,Certain conditions originating in the perinatal period,P00-P96,Disorders related to length of gestation and fetal growth,P05-P08,35,21288,1.64
Pennsylvania,42,"Philadelphia County, PA",42101,Certain conditions originating in the perinatal period,P00-P96,Respiratory and cardiovascular disorders specific to the perinatal period,P20-P29,30,21288,1.41
Pennsylvania,42,"Philadelphia County, PA",42101,"Symptoms, signs and abnormal clinical and laboratory findings, not elsewhere classified",R00-R99,Ill-defined and unknown causes of mortality,R95-R99,29,21288,1.36
Pennsylvania,42,"Unidentified Counties, PA",42999,Certain conditions originating in the perinatal period,P00-P96,"Newborn affected by maternal factors and by complications of pregnancy, labour and delivery",P00-P04,32,40574,0.79
Pennsylvania,42,"Unidentified Counties, PA",42999,Certain conditions originating in the perinatal period,P00-P96,Disorders related to length of gestation and fetal growth,P05-P08,52,40574,1.28
Pennsylvania,42,"Unidentified Counties, PA",42999,Certain conditions originating in the perinatal period,P00-P96,Respiratory and cardiovascular disorders specific to the perinatal period,P20-P29,21,40574,0.52
Pennsylvania,42,"Unidentified Counties, PA",42999,"Congenital malformations, deformations and chromosomal abnormalities",Q00-Q99,Congenital malformations of the circulatory system,Q20-Q28,17,40574,0.42 (Unreliable)
Pennsylvania,42,"Unidentified Counties, PA",42999,"Symptoms, signs and abnormal clinical and laboratory findings, not elsewhere classified",R00-R99,Ill-defined and unknown causes of mortality,R95-R99,36,40574,0.89
Pennsylvania,42,"Unidentified Counties, PA",42999,External causes of morbidity and mortality,V01-Y89,Other external causes of accidental injury,W00-X59,11,40574,0.27 (Unreliable)
Rhode Island,44,"Providence County, RI",44007,Certain conditions originating in the perinatal period,P00-P96,"Newborn affected by maternal factors and by complications of pregnancy, labour and delivery",P00-P04,15,7173,2.09 (Unreliable)
Rhode Island,44,"Providence County, RI",44007,Certain conditions originating in the perinatal period,P00-P96,Disorders related to length of gestation and fetal growth,P05-P08,12,7173,1.67 (Unreliable)
South Carolina,45,"Unidentified Counties, SC",45999,Certain conditions originating in the perinatal period,P00-P96,"Newborn affected by maternal factors and by complications of pregnancy, labour and delivery",P00-P04,24,30974,0.77
South Carolina,45,"Unidentified Counties, SC",45999,Certain conditions originating in the perinatal period,P00-P96,Disorders related to length of gestation and fetal growth,P05-P08,37,30974,1.19
South Carolina,45,"Unidentified Counties, SC",45999,Certain conditions originating in the perinatal period,P00-P96,Respiratory and cardiovascular disorders specific to the perinatal period,P20-P29,21,30974,0.68
South Carolina,45,"Unidentified Counties, SC",45999,"Congenital malformations, deformations and chromosomal abnormalities",Q00-Q99,Congenital malformations of the circulatory system,Q20-Q28,11,30974,0.36 (Unreliable)
South Carolina,45,"Unidentified Counties, SC",45999,"Symptoms, signs and abnormal clinical and laboratory findings, not elsewhere classified",R00-R99,Ill-defined and unknown causes of mortality,R95-R99,25,30974,0.81
South Carolina,45,"Unidentified Counties, SC",45999,External causes of morbidity and mortality,V01-Y89,Other external causes of accidental injury,W00-X59,24,30974,0.77
South Dakota,46,"Unidentified Counties, SD",46999,Certain conditions originating in the perinatal period,P00-P96,Disorders related to length of gestation and fetal growth,P05-P08,19,12134,1.57 (Unreliable)
South Dakota,46,"Unidentified Counties, SD",46999,Certain conditions originating in the perinatal period,P00-P96,Respiratory and cardiovascular disorders specific to the perinatal period,P20-P29,13,12134,1.07 (Unreliable)
Tennessee,47,"Davidson County, TN",47037,Certain conditions originating in the perinatal period,P00-P96,"Newborn affected by maternal factors and by complications of pregnancy, labour and delivery",P00-P04,10,10063,0.99 (Unreliable)
Tennessee,47,"Davidson County, TN",47037,Certain conditions originating in the perinatal period,P00-P96,Disorders related to length of gestation and fetal growth,P05-P08,15,10063,1.49 (Unreliable)
Tennessee,47,"Knox County, TN",47093,Certain conditions originating in the perinatal period,P00-P96,"Newborn affected by maternal factors and by complications of pregnancy, labour and delivery",P00-P04,10,5211,1.92 (Unreliable)
Tennessee,47,"Shelby County, TN",47157,Certain conditions originating in the perinatal period,P00-P96,Disorders related to length of gestation and fetal growth,P05-P08,21,13163,1.6
Tennessee,47,"Shelby County, TN",47157,Certain conditions originating in the perinatal period,P00-P96,Respiratory and cardiovascular disorders specific to the perinatal period,P20-P29,22,13163,1.67
Tennessee,47,"Shelby County, TN",47157,"Congenital malformations, deformations and chromosomal abnormalities",Q00-Q99,"Chromosomal abnormalities, not elsewhere classified",Q90-Q99,12,13163,0.91 (Unreliable)
Tennessee,47,"Shelby County, TN",47157,"Symptoms, signs and abnormal clinical and laboratory findings, not elsewhere classified",R00-R99,Ill-defined and unknown causes of mortality,R95-R99,24,13163,1.82
Tennessee,47,"Unidentified Counties, TN",47999,Certain conditions originating in the perinatal period,P00-P96,"Newborn affected by maternal factors and by complications of pregnancy, labour and delivery",P00-P04,23,44314,0.52
Tennessee,47,"Unidentified Counties, TN",47999,Certain conditions originating in the perinatal period,P00-P96,Disorders related to length of gestation and fetal growth,P05-P08,28,44314,0.63
Tennessee,47,"Unidentified Counties, TN",47999,Certain conditions originating in the perinatal period,P00-P96,Respiratory and cardiovascular disorders specific to the perinatal period,P20-P29,36,44314,0.81
Tennessee,47,"Unidentified Counties, TN",47999,Certain conditions originating in the perinatal period,P00-P96,Infections specific to the perinatal period,P35-P39,12,44314,0.27 (Unreliable)
Tennessee,47,"Unidentified Counties, TN",47999,"Congenital malformations, deformations and chromosomal abnormalities",Q00-Q99,Congenital malformations of the nervous system,Q00-Q07,13,44314,0.29 (Unreliable)
Tennessee,47,"Unidentified Counties, TN",47999,"Congenital malformations, deformations and chromosomal abnormalities",Q00-Q99,Congenital malformations of the circulatory system,Q20-Q28,18,44314,0.41 (Unreliable)
Tennessee,47,"Unidentified Counties, TN",47999,"Congenital malformations, deformations and chromosomal abnormalities",Q00-Q99,"Chromosomal abnormalities, not elsewhere classified",Q90-Q99,17,44314,0.38 (Unreliable)
Tennessee,47,"Unidentified Counties, TN",47999,"Symptoms, signs and abnormal clinical and laboratory findings, not elsewhere classified",R00-R99,Ill-defined and unknown causes of mortality,R95-R99,54,44314,1.22
Tennessee,47,"Unidentified Counties, TN",47999,External causes of morbidity and mortality,V01-Y89,Other external causes of accidental injury,W00-X59,23,44314,0.52
Texas,48,"Bexar County, TX",48029,Certain conditions originating in the perinatal period,P00-P96,"Newborn affected by maternal factors and by complications of pregnancy, labour and delivery",P00-P04,21,27014,0.78
Texas,48,"Bexar County, TX",48029,Certain conditions originating in the perinatal period,P00-P96,Disorders related to length of gestation and fetal growth,P05-P08,32,27014,1.18
Texas,48,"Bexar County, TX",48029,Certain conditions originating in the perinatal period,P00-P96,Respiratory and cardiovascular disorders specific to the perinatal period,P20-P29,21,27014,0.78
Texas,48,"Bexar County, TX",48029,"Congenital malformations, deformations and chromosomal abnormalities",Q00-Q99,Congenital malformations of the circulatory system,Q20-Q28,15,27014,0.56 (Unreliable)
Texas,48,"Bexar County, TX",48029,"Symptoms, signs and abnormal clinical and laboratory findings, not elsewhere classified",R00-R99,Ill-defined and unknown causes of mortality,R95-R99,20,27014,0.74
Texas,48,"Dallas County, TX",48113,Certain conditions originating in the perinatal period,P00-P96,"Newborn affected by maternal factors and by complications of pregnancy, labour and delivery",P00-P04,20,39263,0.51
Texas,48,"Dallas County, TX",48113,Certain conditions originating in the perinatal period,P00-P96,Disorders related to length of gestation and fetal growth,P05-P08,69,39263,1.76
Texas,48,"Dallas County, TX",48113,Certain conditions originating in the perinatal period,P00-P96,Respiratory and cardiovascular disorders specific to the perinatal period,P20-P29,24,39263,0.61
Texas,48,"Dallas County, TX",48113,"Congenital malformations, deformations and chromosomal abnormalities",Q00-Q99,Congenital malformations of the nervous system,Q00-Q07,10,39263,0.25 (Unreliable)
Texas,48,"Dallas County, TX",48113,"Congenital malformations, deformations and chromosomal abnormalities",Q00-Q99,Congenital malformations of the circulatory system,Q20-Q28,17,39263,0.43 (Unreliable)
Texas,48,"Dallas County, TX",48113,"Congenital malformations, deformations and chromosomal abnormalities",Q00-Q99,"Chromosomal abnormalities, not elsewhere classified",Q90-Q99,13,39263,0.33 (Unreliable)
Texas,48,"Dallas County, TX",48113,"Symptoms, signs and abnormal clinical and laboratory findings, not elsewhere classified",R00-R99,Ill-defined and unknown causes of mortality,R95-R99,30,39263,0.76
Texas,48,"Dallas County, TX",48113,External causes of morbidity and mortality,V01-Y89,Other external causes of accidental injury,W00-X59,13,39263,0.33 (Unreliable)
Texas,48,"El Paso County, TX",48141,External causes of morbidity and mortality,V01-Y89,Other external causes of accidental injury,W00-X59,12,12013,1.00 (Unreliable)
Texas,48,"Harris County, TX",48201,Certain conditions originating in the perinatal period,P00-P96,"Newborn affected by maternal factors and by complications of pregnancy, labour and delivery",P00-P04,69,68422,1.01
Texas,48,"Harris County, TX",48201,Certain conditions originating in the perinatal period,P00-P96,Disorders related to length of gestation and fetal growth,P05-P08,53,68422,0.77
Texas,48,"Harris County, TX",48201,Certain conditions originating in the perinatal period,P00-P96,Respiratory and cardiovascular disorders specific to the perinatal period,P20-P29,43,68422,0.63
Texas,48,"Harris County, TX",48201,Certain conditions originating in the perinatal period,P00-P96,Infections specific to the perinatal period,P35-P39,24,68422,0.35
Texas,48,"Harris County, TX",48201,Certain conditions originating in the perinatal period,P00-P96,Haemorrhagic and haematological disorders of newborn,P50-P61,12,68422,0.18 (Unreliable)
Texas,48,"Harris County, TX",48201,"Congenital malformations, deformations and chromosomal abnormalities",Q00-Q99,Congenital malformations of the nervous system,Q00-Q07,11,68422,0.16 (Unreliable)
Texas,48,"Harris County, TX",48201,"Congenital malformations, deformations and chromosomal abnormalities",Q00-Q99,Congenital malformations of the circulatory system,Q20-Q28,22,68422,0.32
Texas,48,"Harris County, TX",48201,"Congenital malformations, deformations and chromosomal abnormalities",Q00-Q99,"Chromosomal abnormalities, not elsewhere classified",Q90-Q99,19,68422,0.28 (Unreliable)
Texas,48,"Harris County, TX",48201,"Symptoms, signs and abnormal clinical and laboratory findings, not elsewhere classified",R00-R99,Ill-defined and unknown causes of mortality,R95-R99,58,68422,0.85
Texas,48,"Harris County, TX",48201,External causes of morbidity and mortality,V01-Y89,Other external causes of accidental injury,W00-X59,11,68422,0.16 (Unreliable)
Texas,48,"Hidalgo County, TX",48215,"Symptoms, signs and abnormal clinical and laboratory findings, not elsewhere classified",R00-R99,Ill-defined and unknown causes of mortality,R95-R99,12,14108,0.85 (Unreliable)
Texas,48,"Tarrant County, TX",48439,Certain conditions originating in the perinatal period,P00-P96,"Newborn affected by maternal factors and by complications of pregnancy, labour and delivery",P00-P04,21,27820,0.75
Texas,48,"Tarrant County, TX",48439,Certain conditions originating in the perinatal period,P00-P96,Disorders related to length of gestation and fetal growth,P05-P08,29,27820,1.04
Texas,48,"Tarrant County, TX",48439,Certain conditions originating in the perinatal period,P00-P96,Respiratory and cardiovascular disorders specific to the perinatal period,P20-P29,27,27820,0.97
Texas,48,"Tarrant County, TX",48439,"Congenital malformations, deformations and chromosomal abnormalities",Q00-Q99,Congenital malformations of the urinary system,Q60-Q64,10,27820,0.36 (Unreliable)
Texas,48,"Tarrant County, TX",48439,"Symptoms, signs and abnormal clinical and laboratory findings, not elsewhere classified",R00-R99,Ill-defined and unknown causes of mortality,R95-R99,20,27820,0.72
Texas,48,"Unidentified Counties, TX",48999,Certain conditions originating in the perinatal period,P00-P96,"Newborn affected by maternal factors and by complications of pregnancy, labour and delivery",P00-P04,59,96604,0.61
Texas,48,"Unidentified Counties, TX",48999,Certain conditions originating in the perinatal period,P00-P96,Disorders related to length of gestation and fetal growth,P05-P08,75,96604,0.78
Texas,48,"Unidentified Counties, TX",48999,Certain conditions originating in the perinatal period,P00-P96,Respiratory and cardiovascular disorders specific to the perinatal period,P20-P29,64,96604,0.66
Texas,48,"Unidentified Counties, TX",48999,Certain conditions originating in the perinatal period,P00-P96,Infections specific to the perinatal period,P35-P39,24,96604,0.25
Texas,48,"Unidentified Counties, TX",48999,Certain conditions originating in the perinatal period,P00-P96,Haemorrhagic and haematological disorders of newborn,P50-P61,11,96604,0.11 (Unreliable)
Texas,48,"Unidentified Counties, TX",48999,Certain conditions originating in the perinatal period,P00-P96,Digestive system disorders of newborn,P76-P78,16,96604,0.17 (Unreliable)
Texas,48,"Unidentified Counties, TX",48999,Certain conditions originating in the perinatal period,P00-P96,Other disorders originating in the perinatal period,P90-P96,13,96604,0.13 (Unreliable)
Texas,48,"Unidentified Counties, TX",48999,"Congenital malformations, deformations and chromosomal abnormalities",Q00-Q99,Congenital malformations of the nervous system,Q00-Q07,18,96604,0.19 (Unreliable)
Texas,48,"Unidentified Counties, TX",48999,"Congenital malformations, deformations and chromosomal abnormalities",Q00-Q99,Congenital malformations of the circulatory system,Q20-Q28,35,96604,0.36
Texas,48,"Unidentified Counties, TX",48999,"Congenital malformations, deformations and chromosomal abnormalities",Q00-Q99,Congenital malformations of the respiratory system,Q30-Q34,10,96604,0.10 (Unreliable)
Texas,48,"Unidentified Counties, TX",48999,"Congenital malformations, deformations and chromosomal abnormalities",Q00-Q99,Congenital malformations of the urinary system,Q60-Q64,12,96604,0.12 (Unreliable)
Texas,48,"Unidentified Counties, TX",48999,"Congenital malformations, deformations and chromosomal abnormalities",Q00-Q99,Other congenital malformations,Q80-Q89,14,96604,0.14 (Unreliable)
Texas,48,"Unidentified Counties, TX",48999,"Congenital malformations, deformations and chromosomal abnormalities",Q00-Q99,"Chromosomal abnormalities, not elsewhere classified",Q90-Q99,26,96604,0.27
Texas,48,"Unidentified Counties, TX",48999,"Symptoms, signs and abnormal clinical and laboratory findings, not elsewhere classified",R00-R99,Ill-defined and unknown causes of mortality,R95-R99,84,96604,0.87
Texas,48,"Unidentified Counties, TX",48999,External causes of morbidity and mortality,V01-Y89,Other external causes of accidental injury,W00-X59,35,96604,0.36
Utah,49,"Salt Lake County, UT",49035,Certain conditions originating in the perinatal period,P00-P96,"Newborn affected by maternal factors and by complications of pregnancy, labour and delivery",P00-P04,17,16754,1.01 (Unreliable)
Utah,49,"Salt Lake County, UT",49035,Certain conditions originating in the perinatal period,P00-P96,Disorders related to length of gestation and fetal growth,P05-P08,17,16754,1.01 (Unreliable)
Utah,49,"Salt Lake County, UT",49035,"Symptoms, signs and abnormal clinical and laboratory findings, not elsewhere classified",R00-R99,Ill-defined and unknown causes of mortality,R95-R99,16,16754,0.95 (Unreliable)
Virginia,51,"Henrico County, VA",51087,Certain conditions originating in the perinatal period,P00-P96,Disorders related to length of gestation and fetal growth,P05-P08,13,3895,3.34 (Unreliable)
Virginia,51,"Unidentified Counties, VA",51999,Certain conditions originating in the perinatal period,P00-P96,"Newborn affected by maternal factors and by complications of pregnancy, labour and delivery",P00-P04,46,60979,0.75
Virginia,51,"Unidentified Counties, VA",51999,Certain conditions originating in the perinatal period,P00-P96,Disorders related to length of gestation and fetal growth,P05-P08,60,60979,0.98
Virginia,51,"Unidentified Counties, VA",51999,Certain conditions originating in the perinatal period,P00-P96,Respiratory and cardiovascular disorders specific to the perinatal period,P20-P29,46,60979,0.75
Virginia,51,"Unidentified Counties, VA",51999,Certain conditions originating in the perinatal period,P00-P96,Infections specific to the perinatal period,P35-P39,12,60979,0.20 (Unreliable)
Virginia,51,"Unidentified Counties, VA",51999,Certain conditions originating in the perinatal period,P00-P96,Digestive system disorders of newborn,P76-P78,12,60979,0.20 (Unreliable)
Virginia,51,"Unidentified Counties, VA",51999,"Congenital malformations, deformations and chromosomal abnormalities",Q00-Q99,Congenital malformations of the circulatory system,Q20-Q28,16,60979,0.26 (Unreliable)
Virginia,51,"Unidentified Counties, VA",51999,"Congenital malformations, deformations and chromosomal abnormalities",Q00-Q99,Congenital malformations of the respiratory system,Q30-Q34,12,60979,0.20 (Unreliable)
Virginia,51,"Unidentified Counties, VA",51999,"Congenital malformations, deformations and chromosomal abnormalities",Q00-Q99,Other congenital malformations,Q80-Q89,11,60979,0.18 (Unreliable)
Virginia,51,"Unidentified Counties, VA",51999,"Congenital malformations, deformations and chromosomal abnormalities",Q00-Q99,"Chromosomal abnormalities, not elsewhere classified",Q90-Q99,13,60979,0.21 (Unreliable)
Virginia,51,"Unidentified Counties, VA",51999,"Symptoms, signs and abnormal clinical and laboratory findings, not elsewhere classified",R00-R99,Ill-defined and unknown causes of mortality,R95-R99,59,60979,0.97
Virginia,51,"Unidentified Counties, VA",51999,External causes of morbidity and mortality,V01-Y89,Other external causes of accidental injury,W00-X59,18,60979,0.30 (Unreliable)
Washington,53,"King County, WA",53033,Certain conditions originating in the perinatal period,P00-P96,"Newborn affected by maternal factors and by complications of pregnancy, labour and delivery",P00-P04,18,25300,0.71 (Unreliable)
Washington,53,"King County, WA",53033,"Symptoms, signs and abnormal clinical and laboratory findings, not elsewhere classified",R00-R99,Ill-defined and unknown causes of mortality,R95-R99,10,25300,0.40 (Unreliable)
Washington,53,"Pierce County, WA",53053,"Symptoms, signs and abnormal clinical and laboratory findings, not elsewhere classified",R00-R99,Ill-defined and unknown causes of mortality,R95-R99,11,11297,0.97 (Unreliable)
Washington,53,"Snohomish County, WA",53061,Certain conditions originating in the perinatal period,P00-P96,"Newborn affected by maternal factors and by complications of pregnancy, labour and delivery",P00-P04,10,9883,1.01 (Unreliable)
Washington,53,"Unidentified Counties, WA",53999,Certain conditions originating in the perinatal period,P00-P96,"Newborn affected by maternal factors and by complications of pregnancy, labour and delivery",P00-P04,12,23621,0.51 (Unreliable)
Washington,53,"Unidentified Counties, WA",53999,Certain conditions originating in the perinatal period,P00-P96,Disorders related to length of gestation and fetal growth,P05-P08,11,23621,0.47 (Unreliable)
Washington,53,"Unidentified Counties, WA",53999,Certain conditions originating in the perinatal period,P00-P96,Respiratory and cardiovascular disorders specific to the perinatal period,P20-P29,10,23621,0.42 (Unreliable)
Washington,53,"Unidentified Counties, WA",53999,"Symptoms, signs and abnormal clinical and laboratory findings, not elsewhere classified",R00-R99,Ill-defined and unknown causes of mortality,R95-R99,19,23621,0.80 (Unreliable)
West Virginia,54,"Unidentified Counties, WV",54999,Certain conditions originating in the perinatal period,P00-P96,"Newborn affected by maternal factors and by complications of pregnancy, labour and delivery",P00-P04,14,18675,0.75 (Unreliable)
West Virginia,54,"Unidentified Counties, WV",54999,Certain conditions originating in the perinatal period,P00-P96,Respiratory and cardiovascular disorders specific to the perinatal period,P20-P29,11,18675,0.59 (Unreliable)
West Virginia,54,"Unidentified Counties, WV",54999,"Symptoms, signs and abnormal clinical and laboratory findings, not elsewhere classified",R00-R99,Ill-defined and unknown causes of mortality,R95-R99,30,18675,1.61
Wisconsin,55,"Dane County, WI",55025,Certain conditions originating in the perinatal period,P00-P96,Disorders related to length of gestation and fetal growth,P05-P08,10,5883,1.70 (Unreliable)
Wisconsin,55,"Milwaukee County, WI",55079,Certain conditions originating in the perinatal period,P00-P96,"Newborn affected by maternal factors and by complications of pregnancy, labour and delivery",P00-P04,14,13427,1.04 (Unreliable)
Wisconsin,55,"Milwaukee County, WI",55079,Certain conditions originating in the perinatal period,P00-P96,Disorders related to length of gestation and fetal growth,P05-P08,23,13427,1.71
Wisconsin,55,"Milwaukee County, WI",55079,Certain conditions originating in the perinatal period,P00-P96,Respiratory and cardiovascular disorders specific to the perinatal period,P20-P29,12,13427,0.89 (Unreliable)
Wisconsin,55,"Milwaukee County, WI",55079,"Symptoms, signs and abnormal clinical and laboratory findings, not elsewhere classified",R00-R99,Ill-defined and unknown causes of mortality,R95-R99,27,13427,2.01
Wisconsin,55,"Unidentified Counties, WI",55999,Certain conditions originating in the perinatal period,P00-P96,"Newborn affected by maternal factors and by complications of pregnancy, labour and delivery",P00-P04,27,41802,0.65
Wisconsin,55,"Unidentified Counties, WI",55999,Certain conditions originating in the perinatal period,P00-P96,Disorders related to length of gestation and fetal growth,P05-P08,47,41802,1.12
Wisconsin,55,"Unidentified Counties, WI",55999,Certain conditions originating in the perinatal period,P00-P96,Respiratory and cardiovascular disorders specific to the perinatal period,P20-P29,12,41802,0.29 (Unreliable)
Wisconsin,55,"Unidentified Counties, WI",55999,"Congenital malformations, deformations and chromosomal abnormalities",Q00-Q99,Congenital malformations of the nervous system,Q00-Q07,13,41802,0.31 (Unreliable)
Wisconsin,55,"Unidentified Counties, WI",55999,"Congenital malformations, deformations and chromosomal abnormalities",Q00-Q99,Congenital malformations of the circulatory system,Q20-Q28,12,41802,0.29 (Unreliable)
Wisconsin,55,"Unidentified Counties, WI",55999,"Congenital malformations, deformations and chromosomal abnormalities",Q00-Q99,"Chromosomal abnormalities, not elsewhere classified",Q90-Q99,14,41802,0.33 (Unreliable)
Wisconsin,55,"Unidentified Counties, WI",55999,"Symptoms, signs and abnormal clinical and laboratory findings, not elsewhere classified",R00-R99,Ill-defined and unknown causes of mortality,R95-R99,21,41802,0.5
Wisconsin,55,"Unidentified Counties, WI",55999,External causes of morbidity and mortality,V01-Y89,Other external causes of accidental injury,W00-X59,16,41802,0.38 (Unreliable)